{"files":{"sticky-footer-navbar.html":{"frameworks":["pg.bs5.lib","pg.insight.events","pg.svg.lib","pg.css.grid","pg.image.overlay","pg.code-validator","pg.project.items","pg.asset.manager","bs5","pg.html","pine.cone.lib","pg.components"]}},"breakpoints":["576px","768px","992px","1200px","1400px"],"frameworks":["pg.bs5.lib","pg.insight.events","pg.svg.lib","pg.css.grid","pg.image.overlay","pg.code-validator","pg.project.items","pg.asset.manager","bs5","pg.html","pine.cone.lib","pg.components"],"template_framework_id":"bootstrap","urls":{"sticky-footer-navbar.html":{"open-page-views":[{"w":1024,"h":0}]}}}